{"asset/BACK-COCK.png":["asset/BACK-COCK.png"],"asset/BACK-JUMLAH.png":["asset/BACK-JUMLAH.png"],"asset/BACK-KURANG.png":["asset/BACK-KURANG.png"],"asset/BACK-PEMBAGIAN.png":["asset/BACK-PEMBAGIAN.png"],"asset/BACK-PERKALIAN.png":["asset/BACK-PERKALIAN.png"],"asset/Background-angka.png":["asset/Background-angka.png"],"asset/Background-menu.png":["asset/Background-menu.png"],"asset/bener.mp3":["asset/bener.mp3"],"asset/gamba2.png":["asset/gamba2.png"],"asset/gambar3.png":["asset/gambar3.png"],"asset/game1.png":["asset/game1.png"],"asset/salah.mp3":["asset/salah.mp3"],"asset/sandBox.png":["asset/sandBox.png"],"asset/soal-1.png":["asset/soal-1.png"],"asset/soal-2.png":["asset/soal-2.png"],"asset/soal-3.png":["asset/soal-3.png"],"asset/theme-music.mp3":["asset/theme-music.mp3"],"asset/tutor-angka.png":["asset/tutor-angka.png"],"asset/tutor-cock.png":["asset/tutor-cock.png"],"asset/tutor-math.png":["asset/tutor-math.png"],"asset/tutor-pembagian.png":["asset/tutor-pembagian.png"],"asset/tutor-pengurangan.png":["asset/tutor-pengurangan.png"],"asset/tutor-penjumlahan.png":["asset/tutor-penjumlahan.png"],"asset/tutor-perkalian.png":["asset/tutor-perkalian.png"],"asset/tutor.png":["asset/tutor.png"],"packages/cupertino_icons/assets/CupertinoIcons.ttf":["packages/cupertino_icons/assets/CupertinoIcons.ttf"],"packages/fluttertoast/assets/toastify.css":["packages/fluttertoast/assets/toastify.css"],"packages/fluttertoast/assets/toastify.js":["packages/fluttertoast/assets/toastify.js"]}